{
    "handeye_tf" : [
        [-0.99944739,-0.02847989,-0.01714093, 0.03806003],
        [ 0.02796461,-0.99917099, 0.02958558, 0.05859012],
        [-0.01796931, 0.0290899 , 0.99941527, 0.00013516],
        [ 0.0        , 0.0        , 0.0        , 1.0    ]
    ],
    "rs_intrinsic": [[903.70456647, 0.0,  641.82985608],
                    [  0.0, 904.24805779, 340.12007822],
                    [  0.0, 0.0,  1.0]
                ],
    "planning_config": {
        "pick_before_pose": [
            0.24021523, 
            0.70572918, 
            1.20350108, 
            0.9969975 ,
            -0.00591435,
            -0.077027  ,
            -0.00527646
        ],
        "eef_offset": [ 
            0.0, 
            0.0, 
            0.02
        ],
        "pre_pick_offset": [ 
            0.0, 
            0.0, 
            -0.05
        ],
        "free_move_height": 0.1
    }
}
